marque,nom_Produit,LMC30,lienAchat,LMC90
Acuvue,  1-Day ACUVUE Moist Multifocal (30)  ,"33,60","https://lentillesmoinscheres.com/lentilles-de-contact/journalieres/lentilles-1-day-acuvue-moist-multifocal-30.html  33,60 €    ",bien 90
Acuvue,  1-Day ACUVUE Moist Multifocal (90)  ,"74,50","https://lentillesmoinscheres.com/lentilles-de-contact/journalieres/lentilles-1-day-acuvue-moist-multifocal-90.html  74,50 €    ",bien 90
Acuvue,  Acuvue Oasys with Hydraclear Plus  ,"17,40","https://lentillesmoinscheres.com/lentilles-de-contact/bi-mensuelles/lentilles-acuvue-oasys-with-hydraclear-plus.html  17,40 €    ",seulement 30
Acuvue,  Acuvue Oasys 12 with Hydraclear Plus  ,"33,80","https://lentillesmoinscheres.com/lentilles-de-contact/bi-mensuelles/lentilles-acuvue-oasys-12-with-hydraclear-plus.html  33,80 €    ",bien 90
Acuvue,  Acuvue Oasys 24 with Hydraclear Plus  ,"65,00","https://lentillesmoinscheres.com/lentilles-de-contact/bi-mensuelles/lentilles-acuvue-oasys-24-with-hydraclear-plus.html  65,00 €    ",bien 90
Acuvue,  Acuvue Oasys for Presbyopia with Hydraclear Plus  ,"32,40","https://lentillesmoinscheres.com/lentilles-de-contact/bi-mensuelles/lentilles-acuvue-oasys-for-presbyopia-with-hydraclear-plus.html  32,40 €    ",bien 90
Acuvue,  ACUVUE Oasys with Transitions (6)  ,"33,90","https://lentillesmoinscheres.com/lentilles-de-contact/bi-mensuelles/lentilles-acuvue-oasys-with-transitions-6.html  33,90 €    ",bien 90
Acuvue,  Acuvue VITA  ,"29,50","https://lentillesmoinscheres.com/lentilles-de-contact/mensuelles/lentilles-acuvue-vita.html  29,50 €    ",bien 90
Acuvue,  Acuvue VITA for Astigmatism (6)  ,"35,00","https://lentillesmoinscheres.com/lentilles-de-contact/mensuelles/lentilles-acuvue-vita-for-astigmatism-6.html  35,00 €    ",bien 90
Biomedics,  Biomedics 1 Day Toric Extra (30)  ,"26,20","https://lentillesmoinscheres.com/lentilles-de-contact/journalieres/lentilles-biomedics-1-day-toric-extra-30.html  26,20 €    ",bien 90
Clariti,  Clariti 1 Day (30)  ,"19,20","https://lentillesmoinscheres.com/lentilles-de-contact/journalieres/lentilles-clariti-1-day-30.html  19,20 €    ",bien 90
Clariti,  Clariti 1 Day (90)  ,"52,40","https://lentillesmoinscheres.com/lentilles-de-contact/journalieres/lentilles-clariti-1-day-90.html  52,40 €    ",bien 90
Clariti,  Clariti 1 Day multifocal (30)  ,"27,90","https://lentillesmoinscheres.com/lentilles-de-contact/journalieres/lentilles-clariti-1-day-multifocal-30.html  27,90 €    ",seulement 30
Clariti,  Clariti 1 Day multifocal (90)  ,"77,00","https://lentillesmoinscheres.com/lentilles-de-contact/journalieres/lentilles-clariti-1-day-multifocal-90.html  77,00 €    ",bien 90
Clariti,  Clariti 1 Day Toric (30)  ,"23,90","https://lentillesmoinscheres.com/lentilles-de-contact/journalieres/lentilles-clariti-1-day-toric-30.html  23,90 €    ",seulement 30
Acuvue,  1-Day ACUVUE Moist (180)  ,"85,50","https://lentillesmoinscheres.com/lentilles-de-contact/journalieres/lentilles-1-day-acuvue-moist-180.html  85,50 €    ",seulement 30
Acuvue,  1-Day ACUVUE Moist (30)  ,"17,40","https://lentillesmoinscheres.com/lentilles-de-contact/journalieres/lentilles-1-day-acuvue-moist-30.html  17,40 €    ",bien 90
Acuvue,  1-Day ACUVUE Moist (90)  ,"44,50","https://lentillesmoinscheres.com/lentilles-de-contact/journalieres/lentilles-1-day-acuvue-moist-90.html  44,50 €    ",bien 90
Acuvue,  1-Day ACUVUE Moist for Astigmatism (30)  ,"20,20","https://lentillesmoinscheres.com/lentilles-de-contact/journalieres/lentilles-1-day-acuvue-moist-for-astigmatism-30.html  20,20 €    ",seulement 30
Acuvue,  1-Day ACUVUE Moist for Astigmatism (90)  ,"57,90","https://lentillesmoinscheres.com/lentilles-de-contact/journalieres/lentilles-1-day-acuvue-moist-for-astigmatism-90.html  57,90 €    ",bien 90
Acuvue,  1-Day ACUVUE TruEye (180)  ,"10,20","https://lentillesmoinscheres.com/lentilles-de-contact/journalieres/lentilles-1-day-acuvue-trueye-180.html  110,20 €    ",seulement 30
Acuvue,  1-Day ACUVUE TruEye (30)  ,"22,60","https://lentillesmoinscheres.com/lentilles-de-contact/journalieres/lentilles-1-day-acuvue-trueye-30.html  22,60 €    ",bien 90
Acuvue,  1-Day ACUVUE TruEye (90)  ,"59,20","https://lentillesmoinscheres.com/lentilles-de-contact/journalieres/lentilles-1-day-acuvue-trueye-90.html  59,20 €    ",bien 90
Acuvue,  ACUVUE 2 (6)  ,"17,30","https://lentillesmoinscheres.com/lentilles-de-contact/bi-mensuelles/lentilles-acuvue-2-6.html  17,30 €    ",seulement 30
Acuvue,  ACUVUE Oasys 1-Day (30)  ,"26,50","https://lentillesmoinscheres.com/lentilles-de-contact/journalieres/lentilles-acuvue-oasys-1-day-30.html  26,50 €    ",bien 90
Acuvue,  ACUVUE Oasys 1-Day (90)  ,"69,50","https://lentillesmoinscheres.com/lentilles-de-contact/journalieres/lentilles-acuvue-oasys-1-day-90.html  69,50 €    ",bien 90
Acuvue,  ACUVUE Oasys 1-Day for Astigmatism (30)  ,"33,00","https://lentillesmoinscheres.com/lentilles-de-contact/journalieres/lentilles-acuvue-oasys-1-day-for-astigmatism-30.html  33,00 €    ",seulement 30
Acuvue,  ACUVUE Oasys 1-Day for Astigmatism (90)  ,"88,90","https://lentillesmoinscheres.com/lentilles-de-contact/journalieres/lentilles-acuvue-oasys-1-day-for-astigmatism-90.html  88,90 €    ",bien 90
Acuvue,  ACUVUE Oasys For Astigmatism (6)  ,"26,90","https://lentillesmoinscheres.com/lentilles-de-contact/bi-mensuelles/lentilles-acuvue-oasys-for-astigmatism-6.html  26,90 €    ",seulement 30
Acuvue,  ACUVUE Oasys For Astigmatism (12)  ,"53,30","https://lentillesmoinscheres.com/lentilles-de-contact/bi-mensuelles/lentilles-acuvue-oasys-for-astigmatism-12.html  53,30 €    ",bien 90
Biomedics,  Biomedics Evolution  ,"15,00","https://lentillesmoinscheres.com/lentilles-de-contact/mensuelles/lentilles-biomedics-evolution.html  15,00 €    ",bien 90
Biomedics,  Biomedics Toric  ,"31,80","https://lentillesmoinscheres.com/lentilles-de-contact/mensuelles/lentilles-biomedics-toric.html  31,80 €    ",bien 90
Clariti,  Clariti Elite (6)  ,"28,20","https://lentillesmoinscheres.com/lentilles-de-contact/mensuelles/lentilles-clariti-elite-6.html  28,20 €    ",seulement 30
Dailies,  Dailies AquaComfort Plus Multifocal (30)  ,"29,10","https://lentillesmoinscheres.com/lentilles-de-contact/journalieres/lentilles-dailies-aquacomfort-plus-multifocal-30.html  29,10 €    ",bien 90
Dailies,  Dailies All Day Comfort 30  ,"14,90","https://lentillesmoinscheres.com/lentilles-de-contact/journalieres/lentilles-dailies-all-day-comfort-30.html  14,90 €    ",seulement 30
Dailies,  Dailies All Day Comfort 90  ,"37,20","https://lentillesmoinscheres.com/lentilles-de-contact/journalieres/lentilles-dailies-all-day-comfort-90.html  37,20 €    ",bien 90
Proclear,  Proclear (6)  ,"15,00","https://lentillesmoinscheres.com/lentilles-de-contact/mensuelles/lentilles-proclear-6.html  15,00 €    ",seulement 30
Proclear,  Proclear 1 Day (30)  ,"15,80","https://lentillesmoinscheres.com/lentilles-de-contact/journalieres/lentilles-proclear-1-day-30.html  15,80 €    ",bien 90
Proclear,  Proclear 1 Day (90)  ,"43,40","https://lentillesmoinscheres.com/lentilles-de-contact/journalieres/lentilles-proclear-1-day-90.html  43,40 €    ",bien 90
Proclear,  Proclear Multifocal (6)  ,"40,60","https://lentillesmoinscheres.com/lentilles-de-contact/mensuelles/lentilles-proclear-multifocal-6.html  40,60 €    ",seulement 30
Proclear,  Proclear Multifocal Toric (6)  ,"98,90","https://lentillesmoinscheres.com/lentilles-de-contact/mensuelles/lentilles-proclear-multifocal-toric-6.html  98,90 €    ",bien 90
Proclear,  Proclear XR multifocal (6)  ,"76,20","https://lentillesmoinscheres.com/lentilles-de-contact/mensuelles/lentilles-proclear-xr-multifocal-6.html  76,20 €    ",bien 90
Proclear,  Proclear Toric  ,"33,90","https://lentillesmoinscheres.com/lentilles-de-contact/mensuelles/lentilles-proclear-toric.html  33,90 €    ",bien 90
Proclear,  Proclear Toric XR  ,"74,60","https://lentillesmoinscheres.com/lentilles-de-contact/mensuelles/lentilles-proclear-toric-xr.html  74,60 €    ",bien 90
Biomedics,  Biomedics 1 Day Extra 30  ,"14,50","https://lentillesmoinscheres.com/lentilles-de-contact/journalieres/lentilles-biomedics-1-day-extra-30.html  14,50 €    ",bien 90
Biomedics,  Biomedics 1 Day Extra 90  ,"39,00","https://lentillesmoinscheres.com/lentilles-de-contact/journalieres/lentilles-biomedics-1-day-extra-90.html  39,00 €    ",bien 90
Proclear,  Proclear 1 Day Multifocal (30)  ,"27,90","https://lentillesmoinscheres.com/lentilles-de-contact/journalieres/lentilles-proclear-1-day-multifocal-30.html  27,90 €    ",bien 90
